{"cameraMode":{"drawMode":2,"name":"Shaded Wireframe","section":"Shading Mode"},"sceneLighting":false,"audioPlay":false,"sceneViewState":{"m_AlwaysRefresh":false,"showFog":true,"showSkybox":false,"showFlares":true,"showImageEffects":true,"showParticleSystems":true,"showVisualEffectGraphs":true,"m_FxEnabled":true},"in2DMode":false,"pivot":{"x":-3.4080617427825929,"y":1.3374443054199219,"z":13.146611213684082},"rotation":{"x":-0.055471617728471759,"y":-0.0018034664681181312,"z":0.00010032879799837247,"w":-0.9984631538391113},"size":8.928139686584473,"orthographic":false}