{"cameraMode":{"drawMode":2,"name":"Shaded Wireframe","section":"Shading Mode"},"sceneLighting":false,"audioPlay":false,"sceneViewState":{"m_AlwaysRefresh":false,"showFog":true,"showSkybox":false,"showFlares":true,"showImageEffects":true,"showParticleSystems":true,"showVisualEffectGraphs":true,"m_FxEnabled":true},"in2DMode":false,"pivot":{"x":5.900000095367432,"y":0.06617431342601776,"z":-1.9300001859664918},"rotation":{"x":0.17425434291362763,"y":-0.06199132278561592,"z":0.010992543771862984,"w":0.9826872944831848},"size":0.36583763360977175,"orthographic":false}